{
  "textures": [
    {
      "itemName": "tool_axe_stone_stone_halberd"
    },
    {
      "itemName": "tool_sword_stone_stone_cutlass"
    },
    {
      "itemName": "tool_axe_gold_xmas_gold_axe"
    },
    {
      "itemName": "tool_axe_gold_gold_halberd"
    },
    {
      "itemName": "tool_hoe_gold_xmas_gold_hoe"
    },
    {
      "itemName": "tool_pickaxe_gold_xmas_gold_pick"
    },
    {
      "itemName": "tool_shovel_gold_xmas_gold_shovel"
    },
    {
      "itemName": "tool_sword_gold_xmas_gold_sword"
    },
    {
      "itemName": "tool_sword_gold_gold_cutlass"
    },
    {
      "itemName": "tool_axe_iron_xmas_iron_axe"
    },
    {
      "itemName": "tool_axe_iron_iron_halberd"
    },
    {
      "itemName": "tool_hoe_iron_xmas_iron_hoe"
    },
    {
      "itemName": "tool_pickaxe_iron_xmas_iron_pickaxe"
    },
    {
      "itemName": "tool_shovel_iron_xmas_iron_shovel"
    },
    {
      "itemName": "tool_sword_iron_xmas_iron_sword"
    },
    {
      "itemName": "tool_sword_iron_iron_cutlass"
    },
    {
      "itemName": "tool_axe_wood_bone_axe"
    },
    {
      "itemName": "tool_axe_wood_wood_halberd"
    },
    {
      "itemName": "tool_hoe_wood_bone_hoe"
    },
    {
      "itemName": "tool_pickaxe_wood_bone_pickaxe"
    },
    {
      "itemName": "tool_shovel_wood_bone_shovel"
    },
    {
      "itemName": "tool_sword_wood_bone_sword"
    },
    {
      "itemName": "tool_sword_wood_wood_cutlass"
    },
    {
      "itemName": "tool_axe_diamond_xmas_dia_axe"
    },
    {
      "itemName": "tool_axe_diamond_diamond_halberd"
    },
    {
      "itemName": "tool_sword_steel_steel_cutlass"
    },
    {
      "itemName": "tool_hoe_diamond_xmas_dia_hoe"
    },
    {
      "itemName": "tool_pickaxe_diamond_xmas_dia_pick"
    },
    {
      "itemName": "tool_shovel_diamond_xmas_dia_shovel"
    },
    {
      "itemName": "armor_chestplate_gold_og_gold_chest"
    },
    {
      "itemName": "armor_helmet_gold_og_gold_helmet"
    },
    {
      "itemName": "armor_leggings_gold_og_gold_legs"
    },
    {
      "itemName": "armor_boots_gold_og_gold_boots"
    },
    {
      "itemName": "armor_chestplate_diamond_new_dia_chest"
    },
    {
      "itemName": "armor_helmet_diamond_new_dia_helmet"
    },
    {
      "itemName": "armor_leggings_diamond_new_dia_legs"
    },
    {
      "itemName": "armor_boots_diamond_new_dia_boots"
    },
    {
      "itemName": "tool_sword_diamond_xmas_dia_sword"
    },
    {
      "itemName": "tool_sword_diamond_diamond_cutlass"
    },
    {
      "itemName": "tool_sword_diamond_hylian_sword"
    }
  ]
}
